Date;Adj Close
03/01/2005;3855.679932
04/01/2005;3863.300049
05/01/2005;3829.360107
06/01/2005;3856.47998
07/01/2005;3877.959961
10/01/2005;3877.820068
11/01/2005;3848.98999
12/01/2005;3816.139893
13/01/2005;3834.110107
14/01/2005;3854.600098
17/01/2005;3881.439941
18/01/2005;3875.02002
19/01/2005;3869.01001
20/01/2005;3842.439941
21/01/2005;3854.189941
24/01/2005;3848.709961
25/01/2005;3882.040039
26/01/2005;3879.820068
27/01/2005;3891.399902
28/01/2005;3870.350098
31/01/2005;3913.689941
01/02/2005;3939.179932
02/02/2005;3951.719971
03/02/2005;3928.939941
04/02/2005;3958.01001
07/02/2005;3981.899902
08/02/2005;3980.77002
09/02/2005;3969.620117
10/02/2005;3970.370117
11/02/2005;4016.75
14/02/2005;4012.110107
15/02/2005;4030.449951
16/02/2005;4009.02002
17/02/2005;4005.5
18/02/2005;4029.02002
21/02/2005;4022.620117
22/02/2005;4002.330078
23/02/2005;3977.189941
24/02/2005;3977.669922
25/02/2005;4034.570068
28/02/2005;4027.159912
01/03/2005;4054.97998
02/03/2005;4062.719971
03/03/2005;4061.350098
04/03/2005;4091.580078
07/03/2005;4108
08/03/2005;4085.379883
09/03/2005;4066.689941
10/03/2005;4038.209961
11/03/2005;4049.179932
14/03/2005;4048.550049
15/03/2005;4077.73999
16/03/2005;4019.399902
17/03/2005;4032.070068
18/03/2005;4050.77002
21/03/2005;4033
22/03/2005;4047.179932
23/03/2005;4032.409912
24/03/2005;4078.310059
29/03/2005;4081.649902
30/03/2005;4064.610107
31/03/2005;4067.780029
01/04/2005;4080.080078
04/04/2005;4052.320068
05/04/2005;4087.939941
06/04/2005;4106.990234
07/04/2005;4124.370117
08/04/2005;4124.290039
11/04/2005;4117.620117
12/04/2005;4096.810059
13/04/2005;4116.850098
14/04/2005;4111.109863
15/04/2005;4032.280029
18/04/2005;3949.590088
19/04/2005;3962.389893
20/04/2005;3950.02002
21/04/2005;3951.02002
22/04/2005;3980.179932
25/04/2005;3993.070068
26/04/2005;3993.040039
27/04/2005;3927.679932
28/04/2005;3911.449951
29/04/2005;3911.709961
02/05/2005;3938.77002
03/05/2005;3955.929932
04/05/2005;3987.629883
05/05/2005;4019.350098
06/05/2005;4033.459961
09/05/2005;4020.189941
10/05/2005;4000.25
11/05/2005;3979.530029
12/05/2005;4015.649902
13/05/2005;4017.889893
16/05/2005;4010.97998
17/05/2005;4006.189941
18/05/2005;4073.149902
19/05/2005;4085.97998
20/05/2005;4096.180176
23/05/2005;4118.370117
24/05/2005;4102.060059
25/05/2005;4100.27002
26/05/2005;4137.279785
27/05/2005;4131.830078
30/05/2005;4134.870117
31/05/2005;4120.72998
01/06/2005;4178.25
02/06/2005;4183.720215
03/06/2005;4162.470215
06/06/2005;4146.470215
07/06/2005;4180.740234
08/06/2005;4171.350098
09/06/2005;4153.709961
10/06/2005;4184.100098
13/06/2005;4203.490234
14/06/2005;4197.740234
15/06/2005;4184.359863
16/06/2005;4185.149902
17/06/2005;4220.910156
20/06/2005;4193.399902
21/06/2005;4222.02002
22/06/2005;4229.549805
23/06/2005;4240.180176
24/06/2005;4199.870117
27/06/2005;4157.680176
28/06/2005;4194.330078
29/06/2005;4231.879883
30/06/2005;4229.350098
01/07/2005;4269.620117
04/07/2005;4264.600098
05/07/2005;4252.75
06/07/2005;4279.950195
07/07/2005;4220.620117
08/07/2005;4300.310059
11/07/2005;4321.560059
12/07/2005;4313.779785
13/07/2005;4343.620117
14/07/2005;4370.879883
15/07/2005;4373.77002
18/07/2005;4363.470215
19/07/2005;4424.25
20/07/2005;4418.390137
21/07/2005;4425.660156
22/07/2005;4415.52002
25/07/2005;4422.120117
26/07/2005;4420.779785
27/07/2005;4433.129883
28/07/2005;4462.259766
29/07/2005;4451.740234
01/08/2005;4456.870117
02/08/2005;4503.330078
03/08/2005;4495.47998
04/08/2005;4458.970215
05/08/2005;4421.700195
08/08/2005;4441.009766
09/08/2005;4491.689941
10/08/2005;4527.109863
11/08/2005;4509.100098
12/08/2005;4476.47998
15/08/2005;4466.580078
16/08/2005;4444.569824
17/08/2005;4439.629883
18/08/2005;4430.069824
19/08/2005;4487.899902
22/08/2005;4485.939941
23/08/2005;4436.560059
24/08/2005;4424.430176
25/08/2005;4378.509766
26/08/2005;4342.700195
29/08/2005;4361.27002
30/08/2005;4356.660156
31/08/2005;4399.359863
01/09/2005;4424.149902
02/09/2005;4404.950195
05/09/2005;4430.089844
06/09/2005;4472.549805
07/09/2005;4486.189941
08/09/2005;4465.939941
09/09/2005;4491.680176
12/09/2005;4491.819824
13/09/2005;4453.410156
14/09/2005;4470.430176
15/09/2005;4479.390137
16/09/2005;4509.490234
19/09/2005;4505.680176
20/09/2005;4531.799805
21/09/2005;4468.060059
22/09/2005;4448.149902
23/09/2005;4477.200195
26/09/2005;4566.919922
27/09/2005;4546.799805
28/09/2005;4599.629883
29/09/2005;4578.859863
30/09/2005;4600.02002
03/10/2005;4622.540039
04/10/2005;4650.240234
05/10/2005;4594.109863
06/10/2005;4536.899902
07/10/2005;4528.790039
10/10/2005;4536.220215
11/10/2005;4549.680176
12/10/2005;4515.049805
13/10/2005;4470.129883
14/10/2005;4482.129883
17/10/2005;4489.209961
18/10/2005;4461.140137
19/10/2005;4375.089844
20/10/2005;4390.660156
21/10/2005;4366.52002
24/10/2005;4421.970215
25/10/2005;4396.990234
26/10/2005;4412.700195
27/10/2005;4336.410156
28/10/2005;4326.709961
31/10/2005;4436.450195
01/11/2005;4434.75
02/11/2005;4429.649902
03/11/2005;4502.02002
04/11/2005;4498.700195
07/11/2005;4503.649902
08/11/2005;4503.620117
09/11/2005;4480.22998
10/11/2005;4479.5
11/11/2005;4536.490234
14/11/2005;4548.450195
15/11/2005;4543.149902
16/11/2005;4512.129883
17/11/2005;4523.180176
18/11/2005;4556.22998
21/11/2005;4586.379883
22/11/2005;4580.810059
23/11/2005;4608.649902
24/11/2005;4586.839844
25/11/2005;4600.47998
28/11/2005;4575.310059
29/11/2005;4588.72998
30/11/2005;4567.410156
01/12/2005;4636.459961
02/12/2005;4662.5
05/12/2005;4650.540039
06/12/2005;4677.200195
07/12/2005;4660.580078
08/12/2005;4669.930176
09/12/2005;4661.009766
12/12/2005;4673.129883
13/12/2005;4693.399902
14/12/2005;4674.850098
15/12/2005;4673.140137
16/12/2005;4704.410156
19/12/2005;4694.859863
20/12/2005;4703.47998
21/12/2005;4752.410156
22/12/2005;4751.959961
23/12/2005;4757.740234
27/12/2005;4769.379883
28/12/2005;4756.930176
29/12/2005;4772.930176
30/12/2005;4715.22998
02/01/2006;4754.919922
03/01/2006;4776.97998
04/01/2006;4838.52002
05/01/2006;4835.089844
06/01/2006;4867.149902
09/01/2006;4875.089844
10/01/2006;4861.930176
11/01/2006;4890.490234
12/01/2006;4890.240234
13/01/2006;4850.529785
16/01/2006;4856.089844
17/01/2006;4807.140137
18/01/2006;4772.089844
19/01/2006;4814.089844
20/01/2006;4773.47998
23/01/2006;4751.990234
24/01/2006;4748.319824
25/01/2006;4791
26/01/2006;4876.52002
27/01/2006;4956.600098
30/01/2006;4936.790039
31/01/2006;4947.990234
01/02/2006;4999.390137
02/02/2006;4927.890137
03/02/2006;4937.560059
06/02/2006;4934.589844
07/02/2006;4935.399902
08/02/2006;4895.080078
09/02/2006;4955.740234
10/02/2006;4910.819824
13/02/2006;4957.359863
14/02/2006;4961.339844
15/02/2006;4934.089844
16/02/2006;4973.089844
17/02/2006;5000
20/02/2006;4979.939941
21/02/2006;4991.930176
22/02/2006;5041.600098
23/02/2006;5040.390137
24/02/2006;5073.950195
27/02/2006;5080.52002
28/02/2006;5000.450195
01/03/2006;5057.609863
02/03/2006;5009.089844
03/03/2006;4989.149902
06/03/2006;5010.720215
07/03/2006;4992.209961
08/03/2006;4969.509766
09/03/2006;5007.839844
10/03/2006;5069.27002
13/03/2006;5107.470215
14/03/2006;5117.160156
15/03/2006;5127.930176
16/03/2006;5126.009766
17/03/2006;5141.080078
20/03/2006;5138.509766
21/03/2006;5148.560059
22/03/2006;5194.779785
23/03/2006;5194.779785
24/03/2006;5218.709961
27/03/2006;5162.439941
28/03/2006;5149.990234
29/03/2006;5180.25
30/03/2006;5240.100098
31/03/2006;5220.850098
03/04/2006;5255.259766
04/04/2006;5205.810059
05/04/2006;5221.029785
06/04/2006;5222.359863
07/04/2006;5174.959961
10/04/2006;5190.27002
11/04/2006;5112.600098
12/04/2006;5085.109863
13/04/2006;5102.620117
18/04/2006;5095.970215
19/04/2006;5158.140137
20/04/2006;5206.790039
21/04/2006;5252.379883
24/04/2006;5221.439941
25/04/2006;5235.339844
26/04/2006;5252.319824
27/04/2006;5213.549805
28/04/2006;5188.399902
02/05/2006;5241.189941
03/05/2006;5193.939941
04/05/2006;5233.700195
05/05/2006;5286.399902
08/05/2006;5282.399902
09/05/2006;5312.180176
10/05/2006;5278.27002
11/05/2006;5262.939941
12/05/2006;5150.450195
15/05/2006;5064.850098
16/05/2006;5081.689941
17/05/2006;4920.310059
18/05/2006;4908.689941
19/05/2006;4944.569824
22/05/2006;4813.5
23/05/2006;4931.529785
24/05/2006;4870.02002
25/05/2006;4949.529785
26/05/2006;5045.089844
29/05/2006;5015.319824
30/05/2006;4893.870117
31/05/2006;4930.180176
01/06/2006;4947.290039
02/06/2006;4959.700195
05/06/2006;4916.040039
06/06/2006;4797.919922
07/06/2006;4824.77002
08/06/2006;4684.339844
09/06/2006;4768.180176
12/06/2006;4723.180176
13/06/2006;4617.589844
14/06/2006;4615.439941
15/06/2006;4724.580078
16/06/2006;4694.890137
19/06/2006;4729.02002
20/06/2006;4770.419922
21/06/2006;4774.72998
22/06/2006;4803.290039
23/06/2006;4817.629883
26/06/2006;4801.490234
27/06/2006;4771.240234
28/06/2006;4774
29/06/2006;4880.379883
30/06/2006;4965.959961
03/07/2006;4980.620117
04/07/2006;4983.879883
05/07/2006;4921.299805
06/07/2006;4966.450195
07/07/2006;4953.709961
10/07/2006;4982.47998
11/07/2006;4914.390137
12/07/2006;4941.72998
13/07/2006;4852.52002
14/07/2006;4780.790039
17/07/2006;4750.080078
18/07/2006;4734.540039
19/07/2006;4846.540039
20/07/2006;4865.040039
21/07/2006;4818.549805
24/07/2006;4914.930176
25/07/2006;4933.120117
26/07/2006;4943
27/07/2006;5001.209961
28/07/2006;5028.509766
31/07/2006;5009.419922
01/08/2006;4948.22998
02/08/2006;5026.25
03/08/2006;4983.680176
04/08/2006;5040.950195
07/08/2006;4956.339844
08/08/2006;4967.950195
09/08/2006;5025.149902
10/08/2006;4976.640137
11/08/2006;4985.52002
14/08/2006;5046.930176
15/08/2006;5115.02002
16/08/2006;5137.310059
17/08/2006;5144.839844
18/08/2006;5135.689941
21/08/2006;5104.649902
22/08/2006;5128.330078
23/08/2006;5082.72998
24/08/2006;5112.850098
25/08/2006;5111.129883
28/08/2006;5148.52002
29/08/2006;5160.319824
30/08/2006;5182.790039
31/08/2006;5165.040039
01/09/2006;5183.450195
04/09/2006;5203.240234
05/09/2006;5172.850098
06/09/2006;5115.52002
07/09/2006;5060.089844
08/09/2006;5073.569824
11/09/2006;5058.310059
12/09/2006;5125.970215
13/09/2006;5137.930176
14/09/2006;5123.850098
15/09/2006;5144.879883
18/09/2006;5146.959961
19/09/2006;5115.990234
20/09/2006;5192.740234
21/09/2006;5208.319824
22/09/2006;5141.950195
25/09/2006;5146.490234
26/09/2006;5219.589844
27/09/2006;5243.100098
28/09/2006;5250.009766
29/09/2006;5250.009766
02/10/2006;5243.129883
03/10/2006;5219.790039
04/10/2006;5256.549805
05/10/2006;5288.529785
06/10/2006;5282.060059
09/10/2006;5284.740234
10/10/2006;5309.790039
11/10/2006;5313.189941
12/10/2006;5361.509766
13/10/2006;5353.22998
16/10/2006;5361.970215
17/10/2006;5302.990234
18/10/2006;5361.290039
19/10/2006;5359.740234
20/10/2006;5375.350098
23/10/2006;5411.810059
24/10/2006;5404.540039
25/10/2006;5422.279785
26/10/2006;5433.790039
27/10/2006;5396.029785
30/10/2006;5362.22998
31/10/2006;5348.72998
01/11/2006;5370.859863
02/11/2006;5310.069824
03/11/2006;5336.299805
06/11/2006;5402.359863
07/11/2006;5437.779785
08/11/2006;5437.160156
09/11/2006;5448.600098
10/11/2006;5447.5
13/11/2006;5490.560059
14/11/2006;5476.279785
15/11/2006;5511.529785
16/11/2006;5505.720215
17/11/2006;5439.709961
20/11/2006;5454.740234
21/11/2006;5459.350098
22/11/2006;5452.490234
23/11/2006;5424.859863
24/11/2006;5389.459961
27/11/2006;5308.649902
28/11/2006;5306.240234
29/11/2006;5381.25
30/11/2006;5327.640137
01/12/2006;5254.049805
04/12/2006;5296.080078
05/12/2006;5359.689941
06/12/2006;5350.620117
07/12/2006;5379.209961
08/12/2006;5384.160156
11/12/2006;5427.560059
12/12/2006;5426.819824
13/12/2006;5475.850098
14/12/2006;5509.580078
15/12/2006;5541.620117
18/12/2006;5530.319824
19/12/2006;5484.759766
20/12/2006;5514.419922
21/12/2006;5510.390137
22/12/2006;5453.939941
27/12/2006;5540.009766
28/12/2006;5533.359863
29/12/2006;5541.759766
02/01/2007;5617.709961
03/01/2007;5610.919922
04/01/2007;5574.560059
05/01/2007;5517.350098
08/01/2007;5518.589844
09/01/2007;5533.029785
10/01/2007;5501.950195
11/01/2007;5609.799805
12/01/2007;5617.620117
15/01/2007;5631.080078
16/01/2007;5591.540039
17/01/2007;5561.779785
18/01/2007;5555.040039
19/01/2007;5614.700195
22/01/2007;5579.779785
23/01/2007;5575.069824
24/01/2007;5638.080078
25/01/2007;5609.200195
26/01/2007;5582.299805
29/01/2007;5619.700195
30/01/2007;5645.589844
31/01/2007;5608.310059
01/02/2007;5662.25
02/02/2007;5677.299805
05/02/2007;5681.109863
06/02/2007;5676.779785
07/02/2007;5703
08/02/2007;5665.100098
09/02/2007;5692.450195
12/02/2007;5643.950195
13/02/2007;5682.689941
14/02/2007;5725.839844
15/02/2007;5720.879883
16/02/2007;5713.589844
19/02/2007;5739.899902
20/02/2007;5713.450195
21/02/2007;5694.560059
22/02/2007;5707.859863
23/02/2007;5716.379883
26/02/2007;5762.540039
27/02/2007;5588.390137
28/02/2007;5516.319824
01/03/2007;5458.399902
02/03/2007;5424.700195
05/03/2007;5385.029785
06/03/2007;5437.129883
07/03/2007;5455.069824
08/03/2007;5524.259766
09/03/2007;5537.839844
12/03/2007;5496.069824
13/03/2007;5432.939941
14/03/2007;5296.220215
15/03/2007;5389.850098
16/03/2007;5382.160156
19/03/2007;5458.950195
20/03/2007;5503.27002
21/03/2007;5502.180176
22/03/2007;5598.370117
23/03/2007;5634.75
26/03/2007;5576.299805
27/03/2007;5587.060059
28/03/2007;5552.689941
29/03/2007;5631.529785
30/03/2007;5634.160156
02/04/2007;5645.560059
03/04/2007;5711.910156
04/04/2007;5739.009766
05/04/2007;5741.379883
10/04/2007;5766.27002
11/04/2007;5751.919922
12/04/2007;5748.939941
13/04/2007;5789.339844
16/04/2007;5861.970215
17/04/2007;5858.140137
18/04/2007;5835.950195
19/04/2007;5829.040039
20/04/2007;5938.899902
23/04/2007;5917.319824
24/04/2007;5886.029785
25/04/2007;5947.330078
26/04/2007;5944.439941
27/04/2007;5930.77002
30/04/2007;5960.040039
02/05/2007;5990.129883
03/05/2007;6004.279785
04/05/2007;6068.830078
07/05/2007;6071.47998
08/05/2007;6034.25
09/05/2007;6051.629883
10/05/2007;6012.759766
11/05/2007;6050.629883
14/05/2007;6026.419922
15/05/2007;6049.759766
16/05/2007;6017.910156
17/05/2007;6027
18/05/2007;6101.140137
21/05/2007;6089.910156
22/05/2007;6089.720215
23/05/2007;6120.200195
24/05/2007;6048.310059
25/05/2007;6057.490234
28/05/2007;6071.470215
29/05/2007;6056.390137
30/05/2007;6042.149902
31/05/2007;6104
01/06/2007;6168.149902
04/06/2007;6125.810059
05/06/2007;6078.540039
06/06/2007;5977.870117
07/06/2007;5890.490234
08/06/2007;5883.290039
11/06/2007;5940.089844
12/06/2007;5898.160156
13/06/2007;5934.27002
14/06/2007;6047.22998
15/06/2007;6105.279785
18/06/2007;6087.149902
19/06/2007;6071.669922
20/06/2007;6093.290039
21/06/2007;6029.790039
22/06/2007;6023.25
25/06/2007;6002.850098
26/06/2007;5953.359863
27/06/2007;5941.669922
28/06/2007;6006.310059
29/06/2007;6054.930176
02/07/2007;6026.950195
03/07/2007;6069.839844
04/07/2007;6098.080078
05/07/2007;6059.529785
06/07/2007;6102.689941
09/07/2007;6104.660156
10/07/2007;6019.220215
11/07/2007;6001.089844
12/07/2007;6103.049805
13/07/2007;6117.959961
16/07/2007;6125.600098
17/07/2007;6099.209961
18/07/2007;5995.970215
19/07/2007;6065.5
20/07/2007;5957.160156
23/07/2007;6009.160156
24/07/2007;5907.470215
25/07/2007;5837.109863
26/07/2007;5675.049805
27/07/2007;5643.959961
30/07/2007;5646.359863
31/07/2007;5751.080078
01/08/2007;5654.299805
02/08/2007;5682.069824
03/08/2007;5597.890137
06/08/2007;5532.990234
07/08/2007;5620.399902
08/08/2007;5749.290039
09/08/2007;5624.779785
10/08/2007;5448.629883
13/08/2007;5569.279785
14/08/2007;5478.660156
15/08/2007;5442.720215
16/08/2007;5265.470215
17/08/2007;5363.629883
20/08/2007;5399.379883
21/08/2007;5418.779785
22/08/2007;5518.169922
23/08/2007;5523.330078
24/08/2007;5569.379883
27/08/2007;5590.540039
28/08/2007;5474.169922
29/08/2007;5520.02002
30/08/2007;5592.529785
31/08/2007;5662.700195
03/09/2007;5651.27002
04/09/2007;5672.720215
05/09/2007;5551.549805
06/09/2007;5576.620117
07/09/2007;5430.100098
10/09/2007;5386.430176
11/09/2007;5478.939941
12/09/2007;5508.009766
13/09/2007;5565.970215
14/09/2007;5538.919922
17/09/2007;5439.370117
18/09/2007;5549.350098
19/09/2007;5730.819824
20/09/2007;5688.759766
21/09/2007;5700.649902
24/09/2007;5692.490234
25/09/2007;5641.589844
26/09/2007;5690.77002
27/09/2007;5733.370117
28/09/2007;5715.689941
01/10/2007;5773.259766
02/10/2007;5799.27002
03/10/2007;5806.180176
04/10/2007;5804.390137
05/10/2007;5843.240234
08/10/2007;5829.399902
09/10/2007;5861.930176
10/10/2007;5838.490234
11/10/2007;5862.830078
12/10/2007;5843.950195
15/10/2007;5807.439941
16/10/2007;5774.359863
17/10/2007;5818.799805
18/10/2007;5767.240234
19/10/2007;5740.47998
22/10/2007;5661.27002
23/10/2007;5705.049805
24/10/2007;5674.669922
25/10/2007;5760.299805
26/10/2007;5794.870117
29/10/2007;5836.189941
30/10/2007;5803.930176
31/10/2007;5847.950195
01/11/2007;5730.919922
02/11/2007;5720.419922
05/11/2007;5684.620117
06/11/2007;5709.419922
07/11/2007;5683.220215
08/11/2007;5631.629883
09/11/2007;5524.180176
12/11/2007;5535.560059
13/11/2007;5538.910156
14/11/2007;5613.600098
15/11/2007;5561.129883
16/11/2007;5523.629883
19/11/2007;5432.569824
20/11/2007;5506.680176
21/11/2007;5381.299805
22/11/2007;5416.100098
23/11/2007;5521.169922
26/11/2007;5458.390137
27/11/2007;5434.169922
28/11/2007;5561.209961
29/11/2007;5598.109863
30/11/2007;5670.569824
03/12/2007;5629.459961
04/12/2007;5547.209961
05/12/2007;5659.069824
06/12/2007;5673.759766
07/12/2007;5718.75
10/12/2007;5750.919922
11/12/2007;5724.759766
12/12/2007;5743.319824
13/12/2007;5590.910156
14/12/2007;5605.359863
17/12/2007;5514.879883
18/12/2007;5509.370117
19/12/2007;5497.419922
20/12/2007;5511.450195
21/12/2007;5602.77002
24/12/2007;5614.279785
27/12/2007;5627.47998
28/12/2007;5627.25
31/12/2007;5614.080078
02/01/2008;5550.359863
03/01/2008;5546.080078
04/01/2008;5446.790039
07/01/2008;5452.830078
08/01/2008;5495.669922
09/01/2008;5435.419922
10/01/2008;5400.430176
11/01/2008;5371.410156
14/01/2008;5403.509766
15/01/2008;5250.819824
16/01/2008;5225.390137
17/01/2008;5157.089844
18/01/2008;5092.399902
21/01/2008;4744.450195
22/01/2008;4842.540039
23/01/2008;4636.759766
24/01/2008;4915.290039
25/01/2008;4878.120117
28/01/2008;4848.299805
29/01/2008;4941.450195
30/01/2008;4873.569824
31/01/2008;4869.790039
01/02/2008;4978.060059
04/02/2008;4973.640137
05/02/2008;4776.859863
06/02/2008;4816.430176
07/02/2008;4723.799805
08/02/2008;4709.649902
11/02/2008;4682.700195
12/02/2008;4840.709961
13/02/2008;4855.399902
14/02/2008;4858.649902
15/02/2008;4771.790039
18/02/2008;4861.799805
19/02/2008;4885.830078
20/02/2008;4812.810059
21/02/2008;4858.850098
22/02/2008;4824.549805
25/02/2008;4919.259766
26/02/2008;4973.069824
27/02/2008;4968.819824
28/02/2008;4865.22998
29/02/2008;4790.660156
03/03/2008;4742.660156
04/03/2008;4675.910156
05/03/2008;4756.419922
06/03/2008;4678.049805
07/03/2008;4618.959961
10/03/2008;4566.990234
11/03/2008;4627.689941
12/03/2008;4697.100098
13/03/2008;4630.189941
14/03/2008;4592.149902
17/03/2008;4431.040039
18/03/2008;4582.589844
19/03/2008;4555.950195
20/03/2008;4533.720215
25/03/2008;4692
26/03/2008;4676.680176
27/03/2008;4719.529785
28/03/2008;4695.919922
31/03/2008;4707.069824
01/04/2008;4866
02/04/2008;4911.970215
03/04/2008;4887.870117
04/04/2008;4900.879883
07/04/2008;4944.600098
08/04/2008;4912.689941
09/04/2008;4874.970215
10/04/2008;4859.419922
11/04/2008;4797.930176
14/04/2008;4766.490234
15/04/2008;4780.680176
16/04/2008;4855.100098
17/04/2008;4862.140137
18/04/2008;4961.689941
21/04/2008;4910.350098
22/04/2008;4872.640137
23/04/2008;4944.649902
24/04/2008;4929.549805
25/04/2008;4978.209961
28/04/2008;5012.75
29/04/2008;4977.100098
30/04/2008;4996.540039
02/05/2008;5069.709961
05/05/2008;5063.359863
06/05/2008;5040.919922
07/05/2008;5075.310059
08/05/2008;5055.580078
09/05/2008;4960.560059
12/05/2008;4976.209961
13/05/2008;4998.669922
14/05/2008;5055.240234
15/05/2008;5057.509766
16/05/2008;5078.040039
19/05/2008;5142.100098
20/05/2008;5054.879883
21/05/2008;5027.549805
22/05/2008;5028.740234
23/05/2008;4933.77002
26/05/2008;4937.839844
27/05/2008;4906.560059
28/05/2008;4971.109863
29/05/2008;4975.899902
30/05/2008;5014.279785
02/06/2008;4935.209961
03/06/2008;4983.709961
04/06/2008;4915.069824
05/06/2008;4907.060059
06/06/2008;4795.319824
09/06/2008;4799.379883
10/06/2008;4761.080078
11/06/2008;4660.910156
12/06/2008;4672.299805
13/06/2008;4682.299805
16/06/2008;4657.740234
17/06/2008;4686.330078
18/06/2008;4618.75
19/06/2008;4591.390137
20/06/2008;4509.27002
23/06/2008;4511.370117
24/06/2008;4473.759766
25/06/2008;4536.290039
26/06/2008;4426.189941
27/06/2008;4397.319824
30/06/2008;4434.850098
01/07/2008;4341.209961
02/07/2008;4296.47998
03/07/2008;4343.990234
04/07/2008;4266
07/07/2008;4342.589844
08/07/2008;4275.609863
09/07/2008;4339.660156
10/07/2008;4231.560059
11/07/2008;4100.640137
14/07/2008;4142.529785
15/07/2008;4061.149902
16/07/2008;4112.450195
17/07/2008;4225.990234
18/07/2008;4299.359863
21/07/2008;4327.140137
22/07/2008;4327.259766
23/07/2008;4408.740234
24/07/2008;4347.990234
25/07/2008;4377.180176
28/07/2008;4324.450195
29/07/2008;4320.490234
30/07/2008;4400.549805
31/07/2008;4392.359863
01/08/2008;4314.339844
04/08/2008;4280.629883
05/08/2008;4386.350098
06/08/2008;4448.330078
07/08/2008;4457.430176
08/08/2008;4491.850098
11/08/2008;4538.490234
12/08/2008;4518.47998
13/08/2008;4402.970215
14/08/2008;4420.910156
15/08/2008;4453.620117
18/08/2008;4448.839844
19/08/2008;4332.790039
20/08/2008;4365.870117
21/08/2008;4304.609863
22/08/2008;4400.450195
25/08/2008;4355.870117
26/08/2008;4368.549805
27/08/2008;4373.080078
28/08/2008;4461.490234
29/08/2008;4482.600098
01/09/2008;4472.129883
02/09/2008;4539.069824
03/09/2008;4447.129883
04/09/2008;4304.009766
05/09/2008;4196.660156
08/09/2008;4340.180176
09/09/2008;4293.339844
10/09/2008;4283.660156
11/09/2008;4249.069824
12/09/2008;4332.660156
15/09/2008;4168.970215
16/09/2008;4087.399902
17/09/2008;4000.110107
18/09/2008;3957.860107
19/09/2008;4324.870117
22/09/2008;4223.509766
23/09/2008;4139.819824
24/09/2008;4114.540039
25/09/2008;4226.810059
26/09/2008;4163.379883
29/09/2008;3953.47998
30/09/2008;4032.100098
01/10/2008;4054.540039
02/10/2008;3963.280029
03/10/2008;4080.75
06/10/2008;3711.97998
07/10/2008;3732.219971
08/10/2008;3496.889893
09/10/2008;3442.699951
10/10/2008;3176.48999
13/10/2008;3531.5
14/10/2008;3628.52002
15/10/2008;3381.070068
16/10/2008;3181
17/10/2008;3329.919922
20/10/2008;3448.51001
21/10/2008;3475.399902
22/10/2008;3298.179932
23/10/2008;3310.870117
24/10/2008;3193.790039
27/10/2008;3067.350098
28/10/2008;3114.919922
29/10/2008;3402.570068
30/10/2008;3407.820068
31/10/2008;3487.070068
03/11/2008;3527.969971
04/11/2008;3691.090088
05/11/2008;3618.110107
06/11/2008;3387.25
07/11/2008;3469.120117
10/11/2008;3505.75
11/11/2008;3336.409912
12/11/2008;3233.959961
13/11/2008;3269.459961
14/11/2008;3291.469971
17/11/2008;3182.030029
18/11/2008;3217.399902
19/11/2008;3087.889893
20/11/2008;2980.419922
21/11/2008;2881.26001
24/11/2008;3172.110107
25/11/2008;3209.560059
26/11/2008;3169.850098
27/11/2008;3250.389893
28/11/2008;3262.679932
01/12/2008;3080.429932
02/12/2008;3152.899902
03/12/2008;3166.649902
04/12/2008;3161.159912
05/12/2008;2988.01001
08/12/2008;3247.47998
09/12/2008;3297.800049
10/12/2008;3320.310059
11/12/2008;3306.129883
12/12/2008;3213.600098
15/12/2008;3185.659912
16/12/2008;3251.659912
17/12/2008;3241.919922
18/12/2008;3234.149902
19/12/2008;3225.899902
22/12/2008;3151.360107
23/12/2008;3128.409912
24/12/2008;3116.209961
29/12/2008;3130.719971
30/12/2008;3217.129883
31/12/2008;3217.969971
02/01/2009;3349.689941
05/01/2009;3359.919922
06/01/2009;3396.219971
07/01/2009;3346.090088
08/01/2009;3324.330078
09/01/2009;3299.5
12/01/2009;3246.120117
13/01/2009;3197.889893
14/01/2009;3052
15/01/2009;2995.879883
16/01/2009;3016.75
19/01/2009;2989.689941
20/01/2009;2925.280029
21/01/2009;2905.570068
22/01/2009;2869.620117
23/01/2009;2849.139893
26/01/2009;2955.370117
27/01/2009;2954.530029
28/01/2009;3076.01001
29/01/2009;3009.75
30/01/2009;2973.919922
02/02/2009;2930.050049
03/02/2009;2982.389893
04/02/2009;3068.98999
05/02/2009;3066.290039
06/02/2009;3122.790039
09/02/2009;3134.870117
10/02/2009;3020.75
11/02/2009;3027.719971
12/02/2009;2964.340088
13/02/2009;2997.860107
16/02/2009;2962.219971
17/02/2009;2875.22998
18/02/2009;2874.070068
19/02/2009;2872.600098
20/02/2009;2750.550049
23/02/2009;2727.870117
24/02/2009;2708.050049
25/02/2009;2696.919922
26/02/2009;2744.840088
27/02/2009;2702.47998
02/03/2009;2581.459961
03/03/2009;2554.550049
04/03/2009;2675.679932
05/03/2009;2569.629883
06/03/2009;2534.449951
09/03/2009;2519.290039
10/03/2009;2663.679932
11/03/2009;2674.199951
12/03/2009;2694.25
13/03/2009;2705.629883
16/03/2009;2791.659912
17/03/2009;2767.280029
18/03/2009;2760.340088
19/03/2009;2776.98999
20/03/2009;2791.139893
23/03/2009;2869.570068
24/03/2009;2874.389893
25/03/2009;2893.449951
26/03/2009;2892.070068
27/03/2009;2840.620117
30/03/2009;2719.340088
31/03/2009;2807.340088
01/04/2009;2839.610107
02/04/2009;2992.060059
03/04/2009;2958.73999
06/04/2009;2929.75
07/04/2009;2902.310059
08/04/2009;2921.060059
09/04/2009;2974.179932
14/04/2009;3000.219971
15/04/2009;2985.73999
16/04/2009;3038.179932
17/04/2009;3091.959961
20/04/2009;2969.399902
21/04/2009;2973.939941
22/04/2009;3025.23999
23/04/2009;3008.620117
24/04/2009;3102.850098
27/04/2009;3102.429932
28/04/2009;3051.02002
29/04/2009;3116.939941
30/04/2009;3159.850098
04/05/2009;3237.969971
05/05/2009;3225
06/05/2009;3283.51001
07/05/2009;3251.52002
08/05/2009;3312.590088
11/05/2009;3248.669922
12/05/2009;3231.100098
13/05/2009;3152.899902
14/05/2009;3156.290039
15/05/2009;3169.050049
18/05/2009;3245.389893
19/05/2009;3274.959961
20/05/2009;3303.370117
21/05/2009;3217.409912
22/05/2009;3227.969971
25/05/2009;3236.159912
26/05/2009;3270.090088
27/05/2009;3294.860107
28/05/2009;3263.699951
29/05/2009;3277.649902
01/06/2009;3379.48999
02/06/2009;3378.040039
03/06/2009;3309.649902
04/06/2009;3312.030029
05/06/2009;3339.050049
08/06/2009;3289.659912
09/06/2009;3296.72998
10/06/2009;3315.27002
11/06/2009;3334.939941
12/06/2009;3326.139893
15/06/2009;3219.580078
16/06/2009;3213.949951
17/06/2009;3161.139893
18/06/2009;3194.060059
19/06/2009;3221.27002
22/06/2009;3123.25
23/06/2009;3116.820068
24/06/2009;3184.76001
25/06/2009;3163.100098
26/06/2009;3129.72998
29/06/2009;3193.679932
30/06/2009;3140.439941
01/07/2009;3217
02/07/2009;3116.409912
03/07/2009;3119.51001
06/07/2009;3082.159912
07/07/2009;3048.570068
08/07/2009;3009.709961
09/07/2009;3025.939941
10/07/2009;2983.100098
13/07/2009;3052.080078
14/07/2009;3081.870117
15/07/2009;3171.27002
16/07/2009;3199.679932
17/07/2009;3218.459961
20/07/2009;3270.939941
21/07/2009;3302.889893
22/07/2009;3305.070068
23/07/2009;3373.719971
24/07/2009;3366.449951
27/07/2009;3372.360107
28/07/2009;3330.969971
29/07/2009;3365.620117
30/07/2009;3435.48999
31/07/2009;3426.27002
03/08/2009;3477.800049
04/08/2009;3476.370117
05/08/2009;3458.530029
06/08/2009;3477.830078
07/08/2009;3521.139893
10/08/2009;3504.540039
11/08/2009;3456.179932
12/08/2009;3507.23999
13/08/2009;3524.389893
14/08/2009;3495.27002
17/08/2009;3419.689941
18/08/2009;3450.689941
19/08/2009;3450.340088
20/08/2009;3505.320068
21/08/2009;3615.810059
24/08/2009;3652.169922
25/08/2009;3680.610107
26/08/2009;3668.340088
27/08/2009;3648.530029
28/08/2009;3693.139893
31/08/2009;3653.540039
01/09/2009;3583.439941
02/09/2009;3573.129883
03/09/2009;3553.51001
04/09/2009;3598.76001
07/09/2009;3652.830078
08/09/2009;3660.959961
09/09/2009;3707.689941
10/09/2009;3705.870117
11/09/2009;3734.889893
14/09/2009;3730.610107
15/09/2009;3752.209961
16/09/2009;3813.790039
17/09/2009;3835.27002
18/09/2009;3827.840088
21/09/2009;3812.159912
22/09/2009;3823.52002
23/09/2009;3821.790039
24/09/2009;3758.360107
25/09/2009;3739.139893
28/09/2009;3825
29/09/2009;3814.100098
30/09/2009;3795.409912
01/10/2009;3720.77002
02/10/2009;3649.899902
05/10/2009;3675.01001
06/10/2009;3770.209961
07/10/2009;3756.409912
08/10/2009;3806.810059
09/10/2009;3799.610107
12/10/2009;3845.800049
13/10/2009;3801.389893
14/10/2009;3882.669922
15/10/2009;3883.830078
16/10/2009;3827.600098
19/10/2009;3892.360107
20/10/2009;3871.449951
21/10/2009;3873.219971
22/10/2009;3820.850098
23/10/2009;3808.23999
26/10/2009;3744.449951
27/10/2009;3743.949951
28/10/2009;3663.780029
29/10/2009;3714.02002
30/10/2009;3607.689941
02/11/2009;3639.459961
03/11/2009;3584.25
04/11/2009;3670.330078
05/11/2009;3708.72998
06/11/2009;3707.290039
09/11/2009;3785.48999
10/11/2009;3785.590088
11/11/2009;3814.389893
12/11/2009;3808.070068
13/11/2009;3806.01001
16/11/2009;3863.159912
17/11/2009;3829.060059
18/11/2009;3828.159912
19/11/2009;3760.219971
20/11/2009;3729.360107
23/11/2009;3813.169922
24/11/2009;3784.620117
25/11/2009;3809.159912
26/11/2009;3679.22998
27/11/2009;3721.449951
30/11/2009;3680.149902
01/12/2009;3775.73999
02/12/2009;3795.919922
03/12/2009;3799.110107
04/12/2009;3846.620117
07/12/2009;3840.050049
08/12/2009;3785.300049
09/12/2009;3757.389893
10/12/2009;3798.379883
11/12/2009;3803.719971
14/12/2009;3830.439941
15/12/2009;3834.090088
16/12/2009;3875.820068
17/12/2009;3830.820068
18/12/2009;3794.439941
21/12/2009;3872.060059
22/12/2009;3898.379883
23/12/2009;3910.75
24/12/2009;3912.72998
28/12/2009;3947.149902
29/12/2009;3959.97998
30/12/2009;3935.5
31/12/2009;3936.330078
04/01/2010;4013.969971
05/01/2010;4012.909912
06/01/2010;4017.669922
07/01/2010;4024.800049
08/01/2010;4045.139893
11/01/2010;4043.090088
12/01/2010;4000.050049
13/01/2010;4000.860107
14/01/2010;4015.77002
15/01/2010;3954.379883
18/01/2010;3977.459961
19/01/2010;4009.669922
20/01/2010;3928.949951
21/01/2010;3862.159912
22/01/2010;3820.780029
25/01/2010;3781.850098
26/01/2010;3807.040039
27/01/2010;3759.800049
28/01/2010;3688.790039
29/01/2010;3739.459961
01/02/2010;3762.01001
02/02/2010;3812.129883
03/02/2010;3793.469971
04/02/2010;3689.25
05/02/2010;3563.76001
08/02/2010;3607.27002
09/02/2010;3612.76001
10/02/2010;3635.610107
11/02/2010;3616.75
12/02/2010;3599.070068
15/02/2010;3609.219971
16/02/2010;3669.040039
17/02/2010;3725.209961
18/02/2010;3747.830078
19/02/2010;3769.540039
22/02/2010;3756.699951
23/02/2010;3707.060059
24/02/2010;3715.679932
25/02/2010;3640.77002
26/02/2010;3708.800049
01/03/2010;3769.540039
02/03/2010;3811.919922
03/03/2010;3842.52002
04/03/2010;3828.409912
05/03/2010;3910.419922
08/03/2010;3903.540039
09/03/2010;3910.01001
10/03/2010;3943.550049
11/03/2010;3928.949951
12/03/2010;3927.399902
15/03/2010;3890.909912
16/03/2010;3938.949951
17/03/2010;3957.889893
18/03/2010;3938.179932
19/03/2010;3925.439941
22/03/2010;3928
23/03/2010;3952.550049
24/03/2010;3949.810059
25/03/2010;4000.47998
26/03/2010;3988.929932
29/03/2010;4000.659912
30/03/2010;3987.409912
31/03/2010;3974.01001
01/04/2010;4034.22998
06/04/2010;4053.939941
07/04/2010;4026.969971
08/04/2010;3978.459961
09/04/2010;4050.540039
12/04/2010;4050.5
13/04/2010;4031.98999
14/04/2010;4057.699951
15/04/2010;4065.649902
16/04/2010;3986.629883
19/04/2010;3970.469971
20/04/2010;4026.649902
21/04/2010;3977.669922
22/04/2010;3924.649902
23/04/2010;3951.300049
26/04/2010;3997.389893
27/04/2010;3844.600098
28/04/2010;3787
29/04/2010;3840.620117
30/04/2010;3816.98999
03/05/2010;3828.459961
04/05/2010;3689.290039
05/05/2010;3636.030029
06/05/2010;3556.110107
07/05/2010;3392.590088
10/05/2010;3720.290039
11/05/2010;3693.199951
12/05/2010;3733.870117
13/05/2010;3731.540039
14/05/2010;3560.360107
17/05/2010;3543.550049
18/05/2010;3617.320068
19/05/2010;3511.669922
20/05/2010;3432.52002
21/05/2010;3430.73999
24/05/2010;3430.929932
25/05/2010;3331.290039
26/05/2010;3408.590088
27/05/2010;3525.310059
28/05/2010;3515.060059
31/05/2010;3507.560059
01/06/2010;3503.080078
02/06/2010;3501.5
03/06/2010;3557.340088
04/06/2010;3455.610107
07/06/2010;3413.719971
08/06/2010;3380.360107
09/06/2010;3446.77002
10/06/2010;3516.639893
11/06/2010;3555.52002
14/06/2010;3626.040039
15/06/2010;3661.51001
16/06/2010;3675.929932
17/06/2010;3683.080078
18/06/2010;3687.209961
21/06/2010;3736.149902
22/06/2010;3705.320068
23/06/2010;3641.790039
24/06/2010;3555.360107
25/06/2010;3519.72998
28/06/2010;3576.449951
29/06/2010;3432.98999
30/06/2010;3442.889893
01/07/2010;3339.899902
02/07/2010;3348.370117
05/07/2010;3332.459961
06/07/2010;3423.360107
07/07/2010;3483.439941
08/07/2010;3538.25
09/07/2010;3554.47998
12/07/2010;3567.659912
13/07/2010;3637.76001
14/07/2010;3632.97998
15/07/2010;3581.820068
16/07/2010;3500.159912
19/07/2010;3486.330078
20/07/2010;3468.02002
21/07/2010;3493.919922
22/07/2010;3600.570068
23/07/2010;3607.050049
26/07/2010;3636.179932
27/07/2010;3666.399902
28/07/2010;3670.360107
29/07/2010;3651.909912
30/07/2010;3643.139893
02/08/2010;3752.030029
03/08/2010;3747.51001
04/08/2010;3760.719971
05/08/2010;3764.189941
06/08/2010;3716.050049
09/08/2010;3777.370117
10/08/2010;3730.580078
11/08/2010;3628.290039
12/08/2010;3621.070068
13/08/2010;3610.909912
16/08/2010;3597.600098
17/08/2010;3663.129883
18/08/2010;3647.929932
19/08/2010;3572.399902
20/08/2010;3526.120117
23/08/2010;3553.22998
24/08/2010;3491.110107
25/08/2010;3450.189941
26/08/2010;3475.030029
27/08/2010;3507.439941
30/08/2010;3487.01001
31/08/2010;3490.790039
01/09/2010;3623.840088
02/09/2010;3631.429932
03/09/2010;3672.199951
06/09/2010;3684.72998
07/09/2010;3643.810059
08/09/2010;3677.209961
09/09/2010;3722.149902
10/09/2010;3725.820068
13/09/2010;3767.149902
14/09/2010;3774.399902
15/09/2010;3755.639893
16/09/2010;3736.300049
17/09/2010;3722.02002
20/09/2010;3788.01001
21/09/2010;3784.399902
22/09/2010;3735.050049
23/09/2010;3710.610107
24/09/2010;3782.47998
27/09/2010;3766.159912
28/09/2010;3762.350098
29/09/2010;3737.120117
30/09/2010;3715.179932
01/10/2010;3692.090088
04/10/2010;3649.810059
05/10/2010;3731.929932
06/10/2010;3764.909912
07/10/2010;3770.469971
08/10/2010;3763.179932
11/10/2010;3768.48999
12/10/2010;3748.860107
13/10/2010;3828.340088
14/10/2010;3819.169922
15/10/2010;3827.370117
18/10/2010;3834.5
19/10/2010;3807.169922
20/10/2010;3828.149902
21/10/2010;3878.27002
22/10/2010;3868.540039
25/10/2010;3870
26/10/2010;3852.659912
27/10/2010;3815.77002
28/10/2010;3834.840088
29/10/2010;3833.5
01/11/2010;3841.110107
02/11/2010;3865.719971
03/11/2010;3842.939941
04/11/2010;3916.780029
05/11/2010;3916.72998
08/11/2010;3913.699951
09/11/2010;3945.709961
10/11/2010;3888.449951
11/11/2010;3867.350098
12/11/2010;3831.120117
15/11/2010;3864.23999
16/11/2010;3762.469971
17/11/2010;3792.350098
18/11/2010;3867.969971
19/11/2010;3860.159912
22/11/2010;3818.889893
23/11/2010;3724.419922
24/11/2010;3747.610107
25/11/2010;3760.419922
26/11/2010;3728.649902
29/11/2010;3636.959961
30/11/2010;3610.439941
01/12/2010;3669.290039
02/12/2010;3747.040039
03/12/2010;3750.550049
06/12/2010;3749.22998
07/12/2010;3810.5
08/12/2010;3831.97998
09/12/2010;3858.050049
10/12/2010;3857.350098
13/12/2010;3892.439941
14/12/2010;3902.870117
15/12/2010;3880.189941
16/12/2010;3888.360107
17/12/2010;3867.350098
20/12/2010;3885.080078
21/12/2010;3927.48999
22/12/2010;3919.709961
23/12/2010;3911.320068
27/12/2010;3862.189941
28/12/2010;3858.719971
29/12/2010;3890.649902
30/12/2010;3850.76001
03/01/2011;3900.860107
04/01/2011;3916.030029
05/01/2011;3904.610107
06/01/2011;3904.419922
07/01/2011;3865.580078
10/01/2011;3802.030029
11/01/2011;3861.919922
12/01/2011;3945.070068
13/01/2011;3974.830078
14/01/2011;3983.280029
17/01/2011;3975.409912
18/01/2011;4012.679932
19/01/2011;3976.709961
20/01/2011;3964.840088
21/01/2011;4017.449951
24/01/2011;4033.209961
25/01/2011;4019.620117
26/01/2011;4049.070068
27/01/2011;4059.570068
28/01/2011;4002.320068
31/01/2011;4005.5
01/02/2011;4072.620117
02/02/2011;4066.530029
03/02/2011;4036.590088
04/02/2011;4047.209961
07/02/2011;4090.800049
08/02/2011;4108.27002
09/02/2011;4090.73999
10/02/2011;4095.139893
11/02/2011;4101.310059
14/02/2011;4096.620117
15/02/2011;4110.339844
16/02/2011;4151.259766
17/02/2011;4152.310059
18/02/2011;4157.140137
21/02/2011;4097.410156
22/02/2011;4050.27002
23/02/2011;4013.120117
24/02/2011;4009.639893
25/02/2011;4070.379883
28/02/2011;4110.350098
01/03/2011;4067.149902
02/03/2011;4034.320068
03/03/2011;4060.76001
04/03/2011;4020.209961
07/03/2011;3990.409912
08/03/2011;4015.909912
09/03/2011;3993.810059
10/03/2011;3963.98999
11/03/2011;3928.679932
14/03/2011;3878.040039
15/03/2011;3780.850098
16/03/2011;3696.560059
17/03/2011;3786.209961
18/03/2011;3810.219971
21/03/2011;3904.449951
22/03/2011;3892.709961
23/03/2011;3913.72998
24/03/2011;3968.840088
25/03/2011;3972.379883
28/03/2011;3976.949951
29/03/2011;3987.800049
30/03/2011;4024.439941
31/03/2011;3989.179932
01/04/2011;4054.76001
04/04/2011;4042.919922
05/04/2011;4041.73999
06/04/2011;4048.159912
07/04/2011;4028.300049
08/04/2011;4061.909912
11/04/2011;4038.699951
12/04/2011;3976.600098
13/04/2011;4006.22998
14/04/2011;3970.389893
15/04/2011;3974.47998
18/04/2011;3881.23999
19/04/2011;3908.580078
20/04/2011;4004.620117
21/04/2011;4021.879883
26/04/2011;4045.290039
27/04/2011;4067.719971
28/04/2011;4104.899902
29/04/2011;4106.919922
02/05/2011;4108.77002
03/05/2011;4096.839844
04/05/2011;4043.129883
05/05/2011;4004.870117
06/05/2011;4058.01001
09/05/2011;4007.26001
10/05/2011;4052.51001
11/05/2011;4058.080078
12/05/2011;4023.290039
13/05/2011;4018.850098
16/05/2011;3989.820068
17/05/2011;3941.580078
18/05/2011;3978
19/05/2011;4027.73999
20/05/2011;3990.850098
23/05/2011;3906.97998
24/05/2011;3916.879883
25/05/2011;3928.98999
26/05/2011;3917.219971
27/05/2011;3950.97998
30/05/2011;3942.530029
31/05/2011;4006.939941
01/06/2011;3964.810059
02/06/2011;3889.870117
03/06/2011;3890.679932
06/06/2011;3863.399902
07/06/2011;3871.919922
08/06/2011;3837.97998
09/06/2011;3878.649902
10/06/2011;3805.090088
13/06/2011;3807.610107
14/06/2011;3864.580078
15/06/2011;3806.850098
16/06/2011;3792.310059
17/06/2011;3823.73999
20/06/2011;3799.659912
21/06/2011;3877.070068
22/06/2011;3871.370117
23/06/2011;3787.790039
24/06/2011;3784.800049
27/06/2011;3796.550049
28/06/2011;3851.889893
29/06/2011;3924.22998
30/06/2011;3982.209961
01/07/2011;4007.350098
04/07/2011;4003.110107
05/07/2011;3978.830078
06/07/2011;3961.340088
07/07/2011;3979.959961
08/07/2011;3913.550049
11/07/2011;3807.51001
12/07/2011;3774.120117
13/07/2011;3793.27002
14/07/2011;3751.22998
15/07/2011;3726.590088
18/07/2011;3650.709961
19/07/2011;3694.949951
20/07/2011;3754.600098
21/07/2011;3816.75
22/07/2011;3842.699951
25/07/2011;3812.969971
26/07/2011;3787.879883
27/07/2011;3734.070068
28/07/2011;3712.659912
29/07/2011;3672.77002
01/08/2011;3588.050049
02/08/2011;3522.790039
03/08/2011;3454.939941
04/08/2011;3320.350098
05/08/2011;3278.560059
08/08/2011;3125.189941
09/08/2011;3176.189941
10/08/2011;3002.98999
11/08/2011;3089.659912
12/08/2011;3213.879883
15/08/2011;3239.060059
16/08/2011;3230.899902
17/08/2011;3254.340088
18/08/2011;3076.040039
19/08/2011;3016.98999
22/08/2011;3051.360107
23/08/2011;3084.370117
24/08/2011;3139.550049
25/08/2011;3119
26/08/2011;3087.639893
29/08/2011;3154.199951
30/08/2011;3159.73999
31/08/2011;3256.76001
01/09/2011;3265.830078
02/09/2011;3148.530029
05/09/2011;2999.540039
06/09/2011;2965.639893
07/09/2011;3073.179932
08/09/2011;3085.830078
09/09/2011;2974.590088
12/09/2011;2854.810059
13/09/2011;2894.929932
14/09/2011;2949.139893
15/09/2011;3045.620117
16/09/2011;3031.080078
19/09/2011;2940
20/09/2011;2984.050049
21/09/2011;2935.820068
22/09/2011;2781.679932
23/09/2011;2810.110107
26/09/2011;2859.340088
27/09/2011;3023.379883
28/09/2011;2995.620117
29/09/2011;3027.649902
30/09/2011;2981.959961
03/10/2011;2926.830078
04/10/2011;2850.550049
05/10/2011;2973.899902
06/10/2011;3075.370117
07/10/2011;3095.560059
10/10/2011;3161.469971
11/10/2011;3153.52002
12/10/2011;3229.76001
13/10/2011;3186.939941
14/10/2011;3217.889893
17/10/2011;3166.060059
18/10/2011;3141.100098
19/10/2011;3157.340088
20/10/2011;3084.070068
21/10/2011;3171.340088
24/10/2011;3220.459961
25/10/2011;3174.290039
26/10/2011;3169.620117
27/10/2011;3368.620117
28/10/2011;3348.629883
31/10/2011;3242.840088
01/11/2011;3068.330078
02/11/2011;3110.590088
03/11/2011;3195.469971
04/11/2011;3123.550049
07/11/2011;3103.600098
08/11/2011;3143.300049
09/11/2011;3075.159912
10/11/2011;3064.840088
11/11/2011;3149.379883
14/11/2011;3108.949951
15/11/2011;3049.129883
16/11/2011;3064.899902
17/11/2011;3010.290039
18/11/2011;2997.01001
21/11/2011;2894.939941
22/11/2011;2870.679932
23/11/2011;2822.429932
24/11/2011;2822.25
25/11/2011;2856.969971
28/11/2011;3012.929932
29/11/2011;3026.76001
30/11/2011;3154.620117
01/12/2011;3129.949951
02/12/2011;3164.949951
05/12/2011;3201.280029
06/12/2011;3179.629883
07/12/2011;3175.97998
08/12/2011;3095.48999
09/12/2011;3172.350098
12/12/2011;3089.590088
13/12/2011;3078.719971
14/12/2011;2976.169922
15/12/2011;2998.72998
16/12/2011;2972.300049
19/12/2011;2974.199951
20/12/2011;3055.389893
21/12/2011;3030.469971
22/12/2011;3071.800049
23/12/2011;3102.090088
27/12/2011;3103.110107
28/12/2011;3071.080078
29/12/2011;3127.560059
30/12/2011;3159.810059
03/01/2012;3245.399902
04/01/2012;3193.649902
05/01/2012;3144.909912
06/01/2012;3137.360107
09/01/2012;3127.689941
10/01/2012;3210.790039
11/01/2012;3204.830078
12/01/2012;3199.97998
13/01/2012;3196.48999
16/01/2012;3225
17/01/2012;3269.98999
18/01/2012;3264.929932
19/01/2012;3328.939941
20/01/2012;3321.5
23/01/2012;3338.419922
24/01/2012;3322.649902
25/01/2012;3312.47998
26/01/2012;3363.22998
27/01/2012;3318.76001
30/01/2012;3265.639893
31/01/2012;3298.550049
01/02/2012;3367.459961
02/02/2012;3376.659912
03/02/2012;3427.919922
06/02/2012;3405.27002
07/02/2012;3411.540039
08/02/2012;3410
09/02/2012;3424.709961
10/02/2012;3373.139893
13/02/2012;3384.550049
14/02/2012;3375.639893
15/02/2012;3390.350098
16/02/2012;3393.25
17/02/2012;3439.620117
20/02/2012;3472.540039
21/02/2012;3465.23999
22/02/2012;3447.370117
23/02/2012;3447.310059
24/02/2012;3467.030029
27/02/2012;3441.449951
28/02/2012;3453.98999
29/02/2012;3452.449951
01/03/2012;3499.72998
02/03/2012;3501.169922
05/03/2012;3487.540039
06/03/2012;3362.560059
07/03/2012;3392.330078
08/03/2012;3478.360107
09/03/2012;3487.47998
12/03/2012;3490.060059
13/03/2012;3550.159912
14/03/2012;3564.51001
15/03/2012;3580.209961
16/03/2012;3594.830078
19/03/2012;3577.879883
20/03/2012;3530.830078
21/03/2012;3527.370117
22/03/2012;3472.459961
23/03/2012;3476.179932
26/03/2012;3501.97998
27/03/2012;3469.590088
28/03/2012;3430.149902
29/03/2012;3381.120117
30/03/2012;3423.810059
02/04/2012;3462.909912
03/04/2012;3406.780029
04/04/2012;3313.469971
05/04/2012;3319.810059
10/04/2012;3217.600098
11/04/2012;3237.689941
12/04/2012;3269.790039
13/04/2012;3189.090088
16/04/2012;3205.280029
17/04/2012;3292.51001
18/04/2012;3240.290039
19/04/2012;3174.02002
20/04/2012;3188.580078
23/04/2012;3098.370117
24/04/2012;3169.320068
25/04/2012;3233.459961
26/04/2012;3229.320068
27/04/2012;3266.27002
30/04/2012;3212.800049
02/05/2012;3226.330078
03/05/2012;3223.360107
04/05/2012;3161.969971
07/05/2012;3214.219971
08/05/2012;3124.800049
09/05/2012;3118.649902
10/05/2012;3130.169922
11/05/2012;3129.77002
14/05/2012;3057.98999
15/05/2012;3039.27002
16/05/2012;3048.669922
17/05/2012;3011.98999
18/05/2012;3008
21/05/2012;3027.149902
22/05/2012;3084.090088
23/05/2012;3003.27002
24/05/2012;3038.25
25/05/2012;3047.939941
28/05/2012;3042.969971
29/05/2012;3084.699951
30/05/2012;3015.580078
31/05/2012;3017.01001
01/06/2012;2950.469971
04/06/2012;2954.48999
05/06/2012;2986.100098
06/06/2012;3058.439941
07/06/2012;3071.159912
08/06/2012;3051.689941
11/06/2012;3042.76001
12/06/2012;3046.909912
13/06/2012;3030.040039
14/06/2012;3032.449951
15/06/2012;3087.620117
18/06/2012;3066.189941
19/06/2012;3117.919922
20/06/2012;3126.52002
21/06/2012;3114.219971
22/06/2012;3090.899902
25/06/2012;3021.639893
26/06/2012;3012.709961
27/06/2012;3063.120117
28/06/2012;3051.679932
29/06/2012;3196.649902
02/07/2012;3240.199951
03/07/2012;3271.199951
04/07/2012;3267.75
05/07/2012;3229.360107
06/07/2012;3168.790039
09/07/2012;3156.800049
10/07/2012;3175.409912
11/07/2012;3157.25
12/07/2012;3135.179932
13/07/2012;3180.810059
16/07/2012;3179.899902
17/07/2012;3176.969971
18/07/2012;3235.399902
19/07/2012;3263.639893
20/07/2012;3193.889893
23/07/2012;3101.530029
24/07/2012;3074.679932
25/07/2012;3081.73999
26/07/2012;3207.120117
27/07/2012;3280.189941
30/07/2012;3320.709961
31/07/2012;3291.659912
01/08/2012;3321.560059
02/08/2012;3232.459961
03/08/2012;3374.189941
06/08/2012;3401.560059
07/08/2012;3453.280029
08/08/2012;3438.26001
09/08/2012;3456.709961
10/08/2012;3435.620117
13/08/2012;3426.409912
14/08/2012;3450.27002
15/08/2012;3449.199951
16/08/2012;3480.48999
17/08/2012;3488.379883
20/08/2012;3480.580078
21/08/2012;3513.280029
22/08/2012;3461.649902
23/08/2012;3432.560059
24/08/2012;3433.209961
27/08/2012;3462.830078
28/08/2012;3431.550049
29/08/2012;3413.889893
30/08/2012;3379.110107
31/08/2012;3413.070068
03/09/2012;3453.709961
04/09/2012;3399.040039
05/09/2012;3405.790039
06/09/2012;3509.879883
07/09/2012;3519.050049
10/09/2012;3506.050049
11/09/2012;3537.300049
12/09/2012;3543.790039
13/09/2012;3502.090088
14/09/2012;3581.580078
17/09/2012;3553.689941
18/09/2012;3512.689941
19/09/2012;3531.820068
20/09/2012;3509.919922
21/09/2012;3530.719971
24/09/2012;3497.219971
25/09/2012;3513.810059
26/09/2012;3414.840088
27/09/2012;3439.320068
28/09/2012;3354.820068
01/10/2012;3434.97998
02/10/2012;3414.22998
03/10/2012;3406.02002
04/10/2012;3401.199951
05/10/2012;3457.040039
08/10/2012;3406.530029
09/10/2012;3382.780029
10/10/2012;3365.870117
11/10/2012;3413.719971
12/10/2012;3389.080078
15/10/2012;3420.280029
16/10/2012;3500.939941
17/10/2012;3527.5
18/10/2012;3535.179932
19/10/2012;3504.560059
22/10/2012;3483.25
23/10/2012;3406.5
24/10/2012;3426.48999
25/10/2012;3411.530029
26/10/2012;3435.090088
29/10/2012;3408.889893
30/10/2012;3459.439941
31/10/2012;3429.27002
01/11/2012;3475.399902
02/11/2012;3492.459961
05/11/2012;3448.5
06/11/2012;3478.659912
07/11/2012;3409.590088
08/11/2012;3407.679932
09/11/2012;3423.570068
12/11/2012;3411.649902
13/11/2012;3430.600098
14/11/2012;3400.02002
15/11/2012;3382.399902
16/11/2012;3341.52002
19/11/2012;3439.580078
20/11/2012;3462.060059
21/11/2012;3477.360107
22/11/2012;3498.219971
23/11/2012;3528.800049
26/11/2012;3500.939941
27/11/2012;3502.129883
28/11/2012;3515.189941
29/11/2012;3568.879883
30/11/2012;3557.280029
03/12/2012;3566.590088
04/12/2012;3580.47998
05/12/2012;3590.5
06/12/2012;3601.649902
07/12/2012;3605.610107
10/12/2012;3612.100098
11/12/2012;3646.149902
12/12/2012;3646.659912
13/12/2012;3643.129883
14/12/2012;3643.280029
17/12/2012;3638.100098
18/12/2012;3648.629883
19/12/2012;3664.590088
20/12/2012;3666.72998
21/12/2012;3661.399902
27/12/2012;3674.26001
28/12/2012;3620.25
02/01/2013;3733.929932
03/01/2013;3721.169922
04/01/2013;3730.02002
07/01/2013;3704.639893
08/01/2013;3705.879883
09/01/2013;3717.449951
10/01/2013;3703.120117
11/01/2013;3706.02002
14/01/2013;3708.25
15/01/2013;3697.350098
16/01/2013;3708.48999
17/01/2013;3744.110107
18/01/2013;3741.580078
21/01/2013;3763.030029
22/01/2013;3741.01001
23/01/2013;3726.169922
24/01/2013;3752.169922
25/01/2013;3778.159912
28/01/2013;3780.889893
29/01/2013;3785.820068
30/01/2013;3765.52002
31/01/2013;3732.600098
01/02/2013;3773.530029
04/02/2013;3659.909912
05/02/2013;3694.699951
06/02/2013;3642.899902
07/02/2013;3601.050049
08/02/2013;3649.5
11/02/2013;3650.580078
12/02/2013;3686.580078
13/02/2013;3698.530029
14/02/2013;3669.600098
15/02/2013;3660.370117
18/02/2013;3667.040039
19/02/2013;3735.820068
20/02/2013;3709.879883
21/02/2013;3624.800049
22/02/2013;3706.280029
25/02/2013;3721.330078
26/02/2013;3621.919922
27/02/2013;3691.48999
28/02/2013;3723
01/03/2013;3699.909912
04/03/2013;3709.76001
05/03/2013;3787.189941
06/03/2013;3773.76001
07/03/2013;3793.780029
08/03/2013;3840.149902
11/03/2013;3836.27002
12/03/2013;3839.969971
13/03/2013;3836.040039
14/03/2013;3871.580078
15/03/2013;3844.030029
18/03/2013;3825.469971
19/03/2013;3775.75
20/03/2013;3829.560059
21/03/2013;3774.850098
22/03/2013;3770.290039
25/03/2013;3727.97998
26/03/2013;3748.639893
27/03/2013;3711.639893
28/03/2013;3731.419922
02/04/2013;3805.370117
03/04/2013;3754.959961
04/04/2013;3726.159912
05/04/2013;3663.47998
08/04/2013;3666.780029
09/04/2013;3670.719971
10/04/2013;3743.709961
11/04/2013;3775.659912
12/04/2013;3729.300049
15/04/2013;3710.47998
16/04/2013;3685.790039
17/04/2013;3599.22998
18/04/2013;3599.360107
19/04/2013;3651.959961
22/04/2013;3652.129883
23/04/2013;3783.050049
24/04/2013;3842.939941
25/04/2013;3840.469971
26/04/2013;3810.050049
29/04/2013;3868.679932
30/04/2013;3856.75
02/05/2013;3858.76001
03/05/2013;3912.949951
06/05/2013;3907.040039
07/05/2013;3921.320068
08/05/2013;3956.280029
09/05/2013;3928.580078
10/05/2013;3953.830078
13/05/2013;3945.199951
14/05/2013;3966.060059
15/05/2013;3982.22998
16/05/2013;3979.070068
17/05/2013;4001.27002
20/05/2013;4022.850098
21/05/2013;4036.179932
22/05/2013;4051.110107
23/05/2013;3967.149902
24/05/2013;3956.790039
27/05/2013;3995.159912
28/05/2013;4050.560059
29/05/2013;3974.120117
30/05/2013;3996.310059
31/05/2013;3948.590088
03/06/2013;3920.669922
04/06/2013;3925.830078
05/06/2013;3852.439941
06/06/2013;3814.280029
07/06/2013;3872.590088
10/06/2013;3864.360107
11/06/2013;3810.560059
12/06/2013;3793.699951
13/06/2013;3797.97998
14/06/2013;3805.159912
17/06/2013;3863.659912
18/06/2013;3860.550049
19/06/2013;3839.340088
20/06/2013;3698.929932
21/06/2013;3658.040039
24/06/2013;3595.629883
25/06/2013;3649.820068
26/06/2013;3726.040039
27/06/2013;3762.189941
28/06/2013;3738.909912
01/07/2013;3767.47998
02/07/2013;3742.570068
03/07/2013;3702.01001
04/07/2013;3809.310059
05/07/2013;3753.850098
08/07/2013;3823.830078
09/07/2013;3843.560059
10/07/2013;3840.530029
11/07/2013;3868.97998
12/07/2013;3855.090088
15/07/2013;3878.580078
16/07/2013;3851.030029
17/07/2013;3872.02002
18/07/2013;3927.790039
19/07/2013;3925.320068
22/07/2013;3939.919922
23/07/2013;3923.090088
24/07/2013;3962.75
25/07/2013;3956.02002
26/07/2013;3968.840088
29/07/2013;3968.909912
30/07/2013;3986.610107
31/07/2013;3992.689941
01/08/2013;4042.72998
02/08/2013;4045.649902
05/08/2013;4049.969971
06/08/2013;4032.570068
07/08/2013;4038.48999
08/08/2013;4064.320068
09/08/2013;4076.550049
12/08/2013;4071.679932
13/08/2013;4092.5
14/08/2013;4114.200195
15/08/2013;4093.199951
16/08/2013;4123.890137
19/08/2013;4083.97998
20/08/2013;4028.929932
21/08/2013;4015.090088
22/08/2013;4059.120117
23/08/2013;4069.469971
26/08/2013;4067.129883
27/08/2013;3968.72998
28/08/2013;3960.459961
29/08/2013;3986.350098
30/08/2013;3933.780029
02/09/2013;4006.01001
03/09/2013;3974.070068
04/09/2013;3980.419922
05/09/2013;4006.800049
06/09/2013;4049.189941
09/09/2013;4040.330078
10/09/2013;4116.640137
11/09/2013;4119.109863
12/09/2013;4106.629883
13/09/2013;4114.5
16/09/2013;4152.220215
17/09/2013;4145.509766
18/09/2013;4170.399902
19/09/2013;4206.040039
20/09/2013;4203.660156
23/09/2013;4172.080078
24/09/2013;4195.609863
25/09/2013;4195.350098
26/09/2013;4186.720215
27/09/2013;4186.77002
30/09/2013;4143.439941
01/10/2013;4196.600098
02/10/2013;4158.160156
03/10/2013;4127.97998
04/10/2013;4164.25
07/10/2013;4165.580078
08/10/2013;4133.529785
09/10/2013;4127.049805
10/10/2013;4218.109863
11/10/2013;4219.97998
14/10/2013;4222.959961
15/10/2013;4256.02002
16/10/2013;4243.720215
17/10/2013;4239.640137
18/10/2013;4286.029785
21/10/2013;4276.919922
22/10/2013;4295.430176
23/10/2013;4260.660156
24/10/2013;4275.689941
25/10/2013;4272.310059
28/10/2013;4251.609863
29/10/2013;4278.089844
30/10/2013;4274.109863
31/10/2013;4299.890137
01/11/2013;4273.189941
04/11/2013;4288.589844
05/11/2013;4253.339844
06/11/2013;4286.930176
07/11/2013;4280.990234
08/11/2013;4260.439941
11/11/2013;4290.140137
12/11/2013;4263.779785
13/11/2013;4239.939941
14/11/2013;4283.910156
15/11/2013;4292.22998
18/11/2013;4320.680176
19/11/2013;4272.290039
20/11/2013;4268.370117
21/11/2013;4253.899902
22/11/2013;4278.529785
25/11/2013;4301.970215
26/11/2013;4277.569824
27/11/2013;4293.060059
28/11/2013;4302.419922
29/11/2013;4295.209961
02/12/2013;4285.810059
03/12/2013;4172.439941
04/12/2013;4148.52002
05/12/2013;4099.910156
06/12/2013;4129.370117
09/12/2013;4134.100098
10/12/2013;4091.139893
11/12/2013;4086.860107
12/12/2013;4069.120117
13/12/2013;4059.709961
16/12/2013;4119.879883
17/12/2013;4068.639893
18/12/2013;4109.509766
19/12/2013;4154.27002
20/12/2013;4193.77002
23/12/2013;4215.290039
24/12/2013;4218.410156
27/12/2013;4277.649902
30/12/2013;4275.709961
31/12/2013;4295.950195
02/01/2014;4227.279785
03/01/2014;4247.649902
06/01/2014;4227.540039
07/01/2014;4262.680176
08/01/2014;4260.959961
09/01/2014;4225.140137
10/01/2014;4250.600098
13/01/2014;4263.27002
14/01/2014;4274.200195
15/01/2014;4332.069824
16/01/2014;4319.27002
17/01/2014;4327.5
20/01/2014;4322.859863
21/01/2014;4323.870117
22/01/2014;4324.97998
23/01/2014;4280.959961
24/01/2014;4161.470215
27/01/2014;4144.560059
28/01/2014;4185.290039
29/01/2014;4156.97998
30/01/2014;4180.02002
31/01/2014;4165.720215
03/02/2014;4107.75
04/02/2014;4117.450195
05/02/2014;4117.790039
06/02/2014;4188.100098
07/02/2014;4228.180176
10/02/2014;4237.129883
11/02/2014;4283.319824
12/02/2014;4305.5
13/02/2014;4312.799805
14/02/2014;4340.140137
17/02/2014;4335.169922
18/02/2014;4330.709961
19/02/2014;4341.100098
20/02/2014;4355.490234
21/02/2014;4381.060059
24/02/2014;4419.129883
25/02/2014;4414.549805
26/02/2014;4396.910156
27/02/2014;4396.390137
28/02/2014;4408.080078
03/03/2014;4290.870117
04/03/2014;4395.899902
05/03/2014;4391.25
06/03/2014;4417.040039
07/03/2014;4366.419922
10/03/2014;4370.839844
11/03/2014;4349.720215
12/03/2014;4306.259766
13/03/2014;4250.509766
14/03/2014;4216.370117
17/03/2014;4271.959961
18/03/2014;4313.259766
19/03/2014;4308.060059
20/03/2014;4327.910156
21/03/2014;4335.279785
24/03/2014;4276.339844
25/03/2014;4344.120117
26/03/2014;4385.149902
27/03/2014;4379.060059
28/03/2014;4411.259766
31/03/2014;4391.5
01/04/2014;4426.720215
02/04/2014;4430.859863
03/04/2014;4449.330078
04/04/2014;4484.549805
07/04/2014;4436.080078
08/04/2014;4424.830078
09/04/2014;4442.680176
10/04/2014;4413.490234
11/04/2014;4365.859863
14/04/2014;4384.560059
15/04/2014;4345.350098
16/04/2014;4405.660156
17/04/2014;4431.810059
22/04/2014;4484.209961
23/04/2014;4451.080078
24/04/2014;4479.540039
25/04/2014;4443.629883
28/04/2014;4460.529785
29/04/2014;4497.680176
30/04/2014;4487.390137
02/05/2014;4458.169922
05/05/2014;4462.689941
06/05/2014;4428.069824
07/05/2014;4446.439941
08/05/2014;4507.240234
09/05/2014;4477.279785
12/05/2014;4493.649902
13/05/2014;4505.02002
14/05/2014;4501.040039
15/05/2014;4444.930176
16/05/2014;4456.279785
19/05/2014;4469.759766
20/05/2014;4452.350098
21/05/2014;4469.029785
22/05/2014;4478.209961
23/05/2014;4493.149902
26/05/2014;4526.930176
27/05/2014;4529.75
28/05/2014;4531.629883
29/05/2014;4530.509766
30/05/2014;4519.569824
02/06/2014;4515.890137
03/06/2014;4503.689941
04/06/2014;4501
05/06/2014;4548.72998
06/06/2014;4581.120117
09/06/2014;4589.120117
10/06/2014;4595
11/06/2014;4555.109863
12/06/2014;4554.399902
13/06/2014;4543.279785
16/06/2014;4510.049805
17/06/2014;4536.069824
18/06/2014;4530.370117
19/06/2014;4563.040039
20/06/2014;4541.339844
23/06/2014;4515.569824
24/06/2014;4518.339844
25/06/2014;4460.600098
26/06/2014;4439.629883
27/06/2014;4436.990234
30/06/2014;4422.839844
01/07/2014;4461.120117
02/07/2014;4444.720215
03/07/2014;4489.879883
04/07/2014;4468.97998
07/07/2014;4405.759766
08/07/2014;4342.529785
09/07/2014;4359.839844
10/07/2014;4301.259766
11/07/2014;4316.5
14/07/2014;4350.040039
15/07/2014;4305.310059
16/07/2014;4369.060059
17/07/2014;4316.120117
18/07/2014;4335.310059
21/07/2014;4304.740234
22/07/2014;4369.52002
23/07/2014;4376.319824
24/07/2014;4410.649902
25/07/2014;4330.549805
28/07/2014;4344.77002
29/07/2014;4365.580078
30/07/2014;4312.299805
31/07/2014;4246.140137
01/08/2014;4202.779785
04/08/2014;4217.220215
05/08/2014;4232.879883
06/08/2014;4207.140137
07/08/2014;4149.830078
08/08/2014;4147.810059
11/08/2014;4197.700195
12/08/2014;4162.160156
13/08/2014;4194.790039
14/08/2014;4205.430176
15/08/2014;4174.359863
18/08/2014;4230.649902
19/08/2014;4254.450195
20/08/2014;4240.790039
21/08/2014;4292.930176
22/08/2014;4252.799805
25/08/2014;4342.109863
26/08/2014;4393.410156
27/08/2014;4395.259766
28/08/2014;4366.040039
29/08/2014;4381.040039
01/09/2014;4379.72998
02/09/2014;4378.330078
03/09/2014;4421.870117
04/09/2014;4494.939941
05/09/2014;4486.490234
08/09/2014;4474.930176
09/09/2014;4452.370117
10/09/2014;4450.790039
11/09/2014;4440.899902
12/09/2014;4441.700195
15/09/2014;4428.629883
16/09/2014;4409.149902
17/09/2014;4431.410156
18/09/2014;4464.700195
19/09/2014;4461.220215
22/09/2014;4442.549805
23/09/2014;4359.350098
24/09/2014;4413.720215
25/09/2014;4355.279785
26/09/2014;4394.75
29/09/2014;4358.069824
30/09/2014;4416.240234
01/10/2014;4365.27002
02/10/2014;4242.669922
03/10/2014;4281.740234
06/10/2014;4286.52002
07/10/2014;4209.140137
08/10/2014;4168.120117
09/10/2014;4141.450195
10/10/2014;4073.709961
13/10/2014;4078.699951
14/10/2014;4088.25
15/10/2014;3939.719971
16/10/2014;3918.620117
17/10/2014;4033.179932
20/10/2014;3991.23999
21/10/2014;4081.23999
22/10/2014;4105.089844
23/10/2014;4157.680176
24/10/2014;4128.899902
27/10/2014;4096.740234
28/10/2014;4112.669922
29/10/2014;4110.640137
30/10/2014;4141.240234
31/10/2014;4233.089844
03/11/2014;4194.029785
04/11/2014;4130.189941
05/11/2014;4208.419922
06/11/2014;4227.680176
07/11/2014;4189.890137
10/11/2014;4222.819824
11/11/2014;4244.100098
12/11/2014;4179.879883
13/11/2014;4187.950195
14/11/2014;4202.459961
17/11/2014;4226.100098
18/11/2014;4262.379883
19/11/2014;4266.189941
20/11/2014;4234.209961
21/11/2014;4347.22998
24/11/2014;4368.439941
25/11/2014;4382.310059
26/11/2014;4373.419922
27/11/2014;4382.339844
28/11/2014;4390.180176
01/12/2014;4377.330078
02/12/2014;4388.299805
03/12/2014;4391.859863
04/12/2014;4323.890137
05/12/2014;4419.47998
08/12/2014;4375.47998
09/12/2014;4263.939941
10/12/2014;4227.910156
11/12/2014;4225.859863
12/12/2014;4108.930176
15/12/2014;4005.379883
16/12/2014;4093.199951
17/12/2014;4111.910156
18/12/2014;4249.490234
19/12/2014;4241.649902
22/12/2014;4254.430176
23/12/2014;4314.970215
24/12/2014;4295.850098
29/12/2014;4317.930176
30/12/2014;4245.540039
31/12/2014;4272.75
02/01/2015;4252.290039
05/01/2015;4111.359863
06/01/2015;4083.5
07/01/2015;4112.72998
08/01/2015;4260.189941
09/01/2015;4179.069824
12/01/2015;4228.240234
13/01/2015;4290.279785
14/01/2015;4223.240234
15/01/2015;4323.200195
16/01/2015;4379.620117
19/01/2015;4394.930176
20/01/2015;4446.02002
21/01/2015;4484.819824
22/01/2015;4552.799805
23/01/2015;4640.689941
26/01/2015;4675.129883
27/01/2015;4624.209961
28/01/2015;4610.939941
29/01/2015;4631.430176
30/01/2015;4604.25
02/02/2015;4627.669922
03/02/2015;4677.899902
04/02/2015;4696.299805
05/02/2015;4703.299805
06/02/2015;4691.029785
09/02/2015;4651.080078
10/02/2015;4695.649902
11/02/2015;4679.379883
12/02/2015;4726.200195
13/02/2015;4759.359863
16/02/2015;4751.950195
17/02/2015;4753.990234
18/02/2015;4799.029785
19/02/2015;4833.279785
20/02/2015;4830.899902
23/02/2015;4862.299805
24/02/2015;4886.439941
25/02/2015;4882.220215
26/02/2015;4910.620117
27/02/2015;4951.47998
02/03/2015;4917.319824
03/03/2015;4869.25
04/03/2015;4917.350098
05/03/2015;4963.509766
06/03/2015;4964.350098
09/03/2015;4937.200195
10/03/2015;4881.950195
11/03/2015;4997.75
12/03/2015;4987.330078
13/03/2015;5010.459961
16/03/2015;5061.160156
17/03/2015;5028.930176
18/03/2015;5033.419922
19/03/2015;5037.180176
20/03/2015;5087.490234
23/03/2015;5054.52002
24/03/2015;5088.279785
25/03/2015;5020.990234
26/03/2015;5006.350098
27/03/2015;5034.060059
30/03/2015;5083.52002
31/03/2015;5033.640137
01/04/2015;5062.220215
02/04/2015;5074.140137
07/04/2015;5151.189941
08/04/2015;5136.859863
09/04/2015;5208.950195
10/04/2015;5240.459961
13/04/2015;5254.120117
14/04/2015;5218.060059
15/04/2015;5254.350098
16/04/2015;5224.490234
17/04/2015;5143.259766
20/04/2015;5187.589844
21/04/2015;5192.640137
22/04/2015;5211.089844
23/04/2015;5178.910156
24/04/2015;5201.450195
27/04/2015;5268.910156
28/04/2015;5173.379883
29/04/2015;5039.390137
30/04/2015;5046.490234
04/05/2015;5081.970215
05/05/2015;4974.069824
06/05/2015;4981.589844
07/05/2015;4967.220215
08/05/2015;5090.390137
11/05/2015;5027.870117
12/05/2015;4974.649902
13/05/2015;4961.859863
14/05/2015;5029.310059
15/05/2015;4993.819824
18/05/2015;5012.310059
19/05/2015;5117.299805
20/05/2015;5133.299805
21/05/2015;5146.700195
22/05/2015;5142.890137
25/05/2015;5117.169922
26/05/2015;5083.540039
27/05/2015;5182.529785
28/05/2015;5137.830078
29/05/2015;5007.890137
01/06/2015;5025.299805
02/06/2015;5004.459961
03/06/2015;5034.169922
04/06/2015;4987.129883
05/06/2015;4920.740234
08/06/2015;4857.660156
09/06/2015;4850.220215
10/06/2015;4934.910156
11/06/2015;4971.370117
12/06/2015;4901.189941
15/06/2015;4815.359863
16/06/2015;4839.859863
17/06/2015;4790.620117
18/06/2015;4803.47998
19/06/2015;4815.370117
22/06/2015;4998.609863
23/06/2015;5057.680176
24/06/2015;5045.350098
25/06/2015;5041.709961
26/06/2015;5059.169922
29/06/2015;4869.819824
30/06/2015;4790.200195
01/07/2015;4883.189941
02/07/2015;4835.560059
03/07/2015;4808.220215
06/07/2015;4711.540039
07/07/2015;4604.640137
08/07/2015;4639.02002
09/07/2015;4757.220215
10/07/2015;4903.069824
13/07/2015;4998.100098
14/07/2015;5032.470215
15/07/2015;5047.240234
16/07/2015;5121.5
17/07/2015;5124.390137
20/07/2015;5142.490234
21/07/2015;5106.569824
22/07/2015;5082.569824
23/07/2015;5086.740234
24/07/2015;5057.359863
27/07/2015;4927.600098
28/07/2015;4977.319824
29/07/2015;5017.439941
30/07/2015;5046.419922
31/07/2015;5082.609863
03/08/2015;5120.52002
04/08/2015;5112.140137
05/08/2015;5196.72998
06/08/2015;5192.109863
07/08/2015;5154.75
10/08/2015;5195.410156
11/08/2015;5099.029785
12/08/2015;4925.430176
13/08/2015;4986.850098
14/08/2015;4956.470215
17/08/2015;4984.830078
18/08/2015;4971.25
19/08/2015;4884.100098
20/08/2015;4783.549805
21/08/2015;4630.990234
24/08/2015;4383.459961
25/08/2015;4564.859863
26/08/2015;4501.049805
27/08/2015;4658.180176
28/08/2015;4675.129883
31/08/2015;4652.950195
01/09/2015;4541.160156
02/09/2015;4554.919922
03/09/2015;4653.790039
04/09/2015;4523.080078
07/09/2015;4549.640137
08/09/2015;4598.259766
09/09/2015;4664.589844
10/09/2015;4596.529785
11/09/2015;4548.720215
14/09/2015;4518.149902
15/09/2015;4569.370117
16/09/2015;4645.839844
17/09/2015;4655.140137
18/09/2015;4535.850098
21/09/2015;4585.5
22/09/2015;4428.509766
23/09/2015;4432.830078
24/09/2015;4347.240234
25/09/2015;4480.660156
28/09/2015;4357.049805
29/09/2015;4343.72998
30/09/2015;4455.290039
01/10/2015;4426.540039
02/10/2015;4458.879883
05/10/2015;4616.899902
06/10/2015;4660.640137
07/10/2015;4667.339844
08/10/2015;4675.910156
09/10/2015;4701.390137
12/10/2015;4688.700195
13/10/2015;4643.379883
14/10/2015;4609.029785
15/10/2015;4675.290039
16/10/2015;4702.790039
19/10/2015;4704.069824
20/10/2015;4673.810059
21/10/2015;4695.100098
22/10/2015;4802.180176
23/10/2015;4923.640137
26/10/2015;4897.129883
27/10/2015;4847.069824
28/10/2015;4890.580078
29/10/2015;4885.819824
30/10/2015;4897.660156
02/11/2015;4916.209961
03/11/2015;4936.180176
04/11/2015;4948.290039
05/11/2015;4980.040039
06/11/2015;4984.149902
09/11/2015;4911.169922
10/11/2015;4912.160156
11/11/2015;4952.509766
12/11/2015;4856.649902
13/11/2015;4807.950195
16/11/2015;4804.310059
17/11/2015;4937.310059
18/11/2015;4906.720215
19/11/2015;4915.100098
20/11/2015;4910.970215
23/11/2015;4889.120117
24/11/2015;4820.279785
25/11/2015;4892.990234
26/11/2015;4946.02002
27/11/2015;4930.140137
30/11/2015;4957.600098
01/12/2015;4914.529785
02/12/2015;4905.759766
03/12/2015;4730.209961
04/12/2015;4714.790039
07/12/2015;4756.410156
08/12/2015;4681.859863
09/12/2015;4637.450195
10/12/2015;4635.060059
11/12/2015;4549.560059
14/12/2015;4473.069824
15/12/2015;4614.399902
16/12/2015;4624.669922
17/12/2015;4677.540039
18/12/2015;4625.259766
21/12/2015;4565.169922
22/12/2015;4567.600098
23/12/2015;4674.529785
24/12/2015;4663.180176
28/12/2015;4617.950195
29/12/2015;4701.359863
30/12/2015;4677.140137
04/01/2016;4522.450195
05/01/2016;4537.629883
06/01/2016;4480.470215
07/01/2016;4403.580078
08/01/2016;4333.759766
11/01/2016;4312.740234
12/01/2016;4378.75
13/01/2016;4391.939941
14/01/2016;4312.890137
15/01/2016;4210.160156
18/01/2016;4189.569824
19/01/2016;4272.259766
20/01/2016;4124.950195
21/01/2016;4206.399902
22/01/2016;4336.689941
25/01/2016;4311.330078
26/01/2016;4356.810059
27/01/2016;4380.359863
28/01/2016;4322.160156
29/01/2016;4417.02002
01/02/2016;4392.330078
02/02/2016;4283.990234
03/02/2016;4226.959961
04/02/2016;4228.529785
05/02/2016;4200.669922
08/02/2016;4066.310059
09/02/2016;3997.540039
10/02/2016;4061.199951
11/02/2016;3896.709961
12/02/2016;3995.060059
15/02/2016;4115.25
16/02/2016;4110.660156
17/02/2016;4233.470215
18/02/2016;4239.759766
19/02/2016;4223.040039
22/02/2016;4298.700195
23/02/2016;4238.419922
24/02/2016;4155.339844
25/02/2016;4248.450195
26/02/2016;4314.569824
29/02/2016;4353.549805
01/03/2016;4406.839844
02/03/2016;4424.890137
03/03/2016;4416.080078
04/03/2016;4456.620117
07/03/2016;4442.290039
08/03/2016;4404.02002
09/03/2016;4425.649902
10/03/2016;4350.350098
11/03/2016;4492.790039
14/03/2016;4506.589844
15/03/2016;4472.629883
16/03/2016;4463
17/03/2016;4442.890137
18/03/2016;4462.509766
21/03/2016;4427.799805
22/03/2016;4431.970215
23/03/2016;4423.97998
24/03/2016;4329.680176
29/03/2016;4366.669922
30/03/2016;4444.419922
31/03/2016;4385.060059
01/04/2016;4322.240234
04/04/2016;4345.220215
05/04/2016;4250.279785
06/04/2016;4284.640137
07/04/2016;4245.910156
08/04/2016;4303.120117
11/04/2016;4312.629883
12/04/2016;4345.910156
13/04/2016;4490.310059
14/04/2016;4511.509766
15/04/2016;4495.169922
18/04/2016;4506.839844
19/04/2016;4566.47998
20/04/2016;4591.919922
21/04/2016;4582.830078
22/04/2016;4569.660156
25/04/2016;4546.120117
26/04/2016;4533.180176
27/04/2016;4559.399902
28/04/2016;4557.359863
29/04/2016;4428.959961
02/05/2016;4442.75
03/05/2016;4371.97998
04/05/2016;4324.22998
05/05/2016;4319.459961
06/05/2016;4301.240234
09/05/2016;4322.810059
10/05/2016;4338.209961
11/05/2016;4316.669922
12/05/2016;4293.27002
13/05/2016;4319.990234
16/05/2016;4312.279785
17/05/2016;4297.569824
18/05/2016;4319.299805
19/05/2016;4282.540039
20/05/2016;4353.899902
23/05/2016;4325.100098
24/05/2016;4431.52002
25/05/2016;4481.640137
26/05/2016;4512.640137
27/05/2016;4514.740234
30/05/2016;4529.399902
31/05/2016;4505.620117
01/06/2016;4475.390137
02/06/2016;4466
03/06/2016;4421.779785
06/06/2016;4423.379883
07/06/2016;4475.859863
08/06/2016;4448.72998
09/06/2016;4405.609863
10/06/2016;4306.720215
13/06/2016;4227.02002
14/06/2016;4130.330078
15/06/2016;4171.580078
16/06/2016;4153.009766
17/06/2016;4193.830078
20/06/2016;4340.759766
21/06/2016;4367.240234
22/06/2016;4380.029785
23/06/2016;4465.899902
24/06/2016;4106.72998
27/06/2016;4030.300049
28/06/2016;4088.850098
29/06/2016;4195.319824
30/06/2016;4237.47998
01/07/2016;4273.959961
04/07/2016;4234.859863
05/07/2016;4163.419922
06/07/2016;4085.300049
07/07/2016;4117.850098
08/07/2016;4190.680176
11/07/2016;4264.529785
12/07/2016;4331.379883
13/07/2016;4335.259766
14/07/2016;4385.52002
15/07/2016;4372.509766
18/07/2016;4357.740234
19/07/2016;4330.129883
20/07/2016;4379.759766
21/07/2016;4376.25
22/07/2016;4381.100098
25/07/2016;4388
26/07/2016;4394.77002
27/07/2016;4446.959961
28/07/2016;4420.580078
29/07/2016;4439.810059
01/08/2016;4409.169922
02/08/2016;4327.990234
03/08/2016;4321.080078
04/08/2016;4345.629883
05/08/2016;4410.549805
08/08/2016;4415.459961
09/08/2016;4468.069824
10/08/2016;4452.009766
11/08/2016;4503.950195
12/08/2016;4500.189941
15/08/2016;4497.859863
16/08/2016;4460.439941
17/08/2016;4417.680176
18/08/2016;4437.060059
19/08/2016;4400.52002
22/08/2016;4389.939941
23/08/2016;4421.450195
24/08/2016;4435.470215
25/08/2016;4406.609863
26/08/2016;4441.870117
29/08/2016;4424.25
30/08/2016;4457.490234
31/08/2016;4438.220215
01/09/2016;4439.669922
02/09/2016;4542.169922
05/09/2016;4541.080078
06/09/2016;4529.959961
07/09/2016;4557.660156
08/09/2016;4542.200195
09/09/2016;4491.399902
12/09/2016;4439.799805
13/09/2016;4387.180176
14/09/2016;4370.259766
15/09/2016;4373.220215
16/09/2016;4332.450195
19/09/2016;4394.189941
20/09/2016;4388.600098
21/09/2016;4409.549805
22/09/2016;4509.819824
23/09/2016;4488.689941
26/09/2016;4407.850098
27/09/2016;4398.680176
28/09/2016;4432.450195
29/09/2016;4443.839844
30/09/2016;4448.259766
03/10/2016;4453.560059
04/10/2016;4503.089844
05/10/2016;4489.950195
06/10/2016;4480.100098
07/10/2016;4449.910156
10/10/2016;4497.259766
11/10/2016;4471.740234
12/10/2016;4452.240234
13/10/2016;4405.169922
14/10/2016;4470.919922
17/10/2016;4450.22998
18/10/2016;4508.910156
19/10/2016;4520.299805
20/10/2016;4540.120117
21/10/2016;4536.069824
24/10/2016;4552.580078
25/10/2016;4540.839844
26/10/2016;4534.589844
27/10/2016;4533.569824
28/10/2016;4548.580078
31/10/2016;4509.259766
01/11/2016;4470.279785
02/11/2016;4414.669922
03/11/2016;4411.680176
04/11/2016;4377.459961
07/11/2016;4461.209961
08/11/2016;4476.890137
09/11/2016;4543.47998
10/11/2016;4530.950195
11/11/2016;4489.27002
14/11/2016;4508.549805
15/11/2016;4536.529785
16/11/2016;4501.140137
17/11/2016;4527.77002
18/11/2016;4504.350098
21/11/2016;4529.580078
22/11/2016;4548.350098
23/11/2016;4529.209961
24/11/2016;4542.560059
25/11/2016;4550.27002
28/11/2016;4510.390137
29/11/2016;4551.459961
30/11/2016;4578.339844
01/12/2016;4560.609863
02/12/2016;4528.819824
05/12/2016;4574.319824
06/12/2016;4631.939941
07/12/2016;4694.720215
08/12/2016;4735.47998
09/12/2016;4764.069824
12/12/2016;4760.77002
13/12/2016;4803.870117
14/12/2016;4769.240234
15/12/2016;4819.22998
16/12/2016;4833.27002
19/12/2016;4822.77002
20/12/2016;4849.890137
21/12/2016;4833.819824
22/12/2016;4834.629883
23/12/2016;4839.680176
27/12/2016;4848.279785
28/12/2016;4848.009766
29/12/2016;4838.470215
30/12/2016;4862.310059
